,0
C1,0.34632693066431663
C14,0.10053837461213892
ProductCD,0.044288240649685486
C13,0.04408031401801604
card_age_days,0.03583343365280419
log_amt,0.035102624135307625
log_secs_since_last_txn,0.023077815278268392
email_group,0.021103841755092834
uid_txn_count_prior,0.01461061859812394
card6,0.011073496430606048
card4,0.008466405213863326
DeviceType,0.008178552709377415
has_identity,0.007917287703769538
amt_to_uid_avg,0.005690415544656879
quiet_hour_flag,0.004841093224422314
dist1,0.0037360955022860964
email_mismatch,0.001219964153654644
hour,0.000977097682716958
high_value_flag,0.00029992012644824984
rapid_txn_flag,3.503359262135852e-07
is_new_uid,0.0
addr_missing,-0.00025742519974956507
uid_txn_count_24h,-0.0007929801170716289
